-- MySQL dump 10.13  Distrib 5.6.15, for osx10.9 (x86_64)
--
-- Host: localhost    Database: poops
-- ------------------------------------------------------
-- Server version	5.6.15

/*!40101 SET @OLD_CHARACTER_SET_CLIENT=@@CHARACTER_SET_CLIENT */;
/*!40101 SET @OLD_CHARACTER_SET_RESULTS=@@CHARACTER_SET_RESULTS */;
/*!40101 SET @OLD_COLLATION_CONNECTION=@@COLLATION_CONNECTION */;
/*!40101 SET NAMES utf8 */;
/*!40103 SET @OLD_TIME_ZONE=@@TIME_ZONE */;
/*!40103 SET TIME_ZONE='+00:00' */;
/*!40014 SET @OLD_UNIQUE_CHECKS=@@UNIQUE_CHECKS, UNIQUE_CHECKS=0 */;
/*!40014 SET @OLD_FOREIGN_KEY_CHECKS=@@FOREIGN_KEY_CHECKS, FOREIGN_KEY_CHECKS=0 */;
/*!40101 SET @OLD_SQL_MODE=@@SQL_MODE, SQL_MODE='NO_AUTO_VALUE_ON_ZERO' */;
/*!40111 SET @OLD_SQL_NOTES=@@SQL_NOTES, SQL_NOTES=0 */;

--
-- Table structure for table `category`
--

DROP TABLE IF EXISTS `category`;
/*!40101 SET @saved_cs_client     = @@character_set_client */;
/*!40101 SET character_set_client = utf8 */;
CREATE TABLE `category` (
  `id` int(11) NOT NULL AUTO_INCREMENT,
  `name` varchar(128) DEFAULT NULL,
  PRIMARY KEY (`id`)
) ENGINE=InnoDB AUTO_INCREMENT=1172 DEFAULT CHARSET=latin1;
/*!40101 SET character_set_client = @saved_cs_client */;

--
-- Dumping data for table `category`
--

LOCK TABLES `category` WRITE;
/*!40000 ALTER TABLE `category` DISABLE KEYS */;
INSERT INTO `category` VALUES (80,'Sandwich-of-the-week'),(81,'Dinner-Sides'),(82,'Pizza-Special'),(83,'Salad-of-the-week'),(84,'Grill-Special'),(85,'Italian-Entree'),(86,'Soups'),(87,'Dinner-Entrees'),(88,'Burger-Special'),(89,'Lunch'),(90,'Dinner'),(91,'Mongolian-Grill-(Dinner)'),(92,'Simply-Eats:-Allergen-and-Vegan-Friendly-Cuisine'),(93,'Bakery-(Breakfast)'),(94,'Bakery-(Lunch)'),(95,'Dinner-Bar'),(96,'Bakery-(Dinner)'),(97,'Pizza-(Dinner)'),(98,'Hale-and-Hearty-Soups-All-Day'),(99,'Breakfast-Bar'),(100,'Pizza-(Lunch)'),(101,'Pasta-Bar-(Dinner)'),(102,'Simply-Eats:-Allergen-and-Vegan-Friendly-Cuisine-(Lunch)'),(103,'Mongolian-Grill-(Breakfast)'),(104,'Mongolian-Grill-(Lunch)'),(105,'Special-Announcement'),(106,'Italian-Entree'),(107,'Pizza-Special'),(108,'Grill-Special'),(109,'Sandwich-of-the-week'),(110,'Soups'),(111,'Dinner-Entrees'),(112,'Burger-Special'),(113,'I'),(114,'t'),(115,' '),(116,'a'),(117,'p'),(118,'p'),(119,'e'),(120,'a'),(121,'r'),(122,'s'),(123,' '),(124,'t'),(125,'h'),(126,'e'),(127,' '),(128,'l'),(129,'o'),(130,'c'),(131,'a'),(132,'t'),(133,'i'),(134,'o'),(135,'n'),(136,' '),(137,'i'),(138,'s'),(139,' '),(140,'c'),(141,'l'),(142,'o'),(143,'s'),(144,'e'),(145,'d'),(146,' '),(147,'o'),(148,'r'),(149,' '),(150,'t'),(151,'h'),(152,'e'),(153,'r'),(154,'e'),(155,' '),(156,'a'),(157,'r'),(158,'e'),(159,' '),(160,'n'),(161,'o'),(162,' '),(163,'s'),(164,'p'),(165,'e'),(166,'c'),(167,'i'),(168,'a'),(169,'l'),(170,'s'),(171,'.'),(172,'I'),(173,'t'),(174,' '),(175,'a'),(176,'p'),(177,'p'),(178,'e'),(179,'a'),(180,'r'),(181,'s'),(182,' '),(183,'t'),(184,'h'),(185,'e'),(186,' '),(187,'l'),(188,'o'),(189,'c'),(190,'a'),(191,'t'),(192,'i'),(193,'o'),(194,'n'),(195,' '),(196,'i'),(197,'s'),(198,' '),(199,'c'),(200,'l'),(201,'o'),(202,'s'),(203,'e'),(204,'d'),(205,' '),(206,'o'),(207,'r'),(208,' '),(209,'t'),(210,'h'),(211,'e'),(212,'r'),(213,'e'),(214,' '),(215,'a'),(216,'r'),(217,'e'),(218,' '),(219,'n'),(220,'o'),(221,' '),(222,'s'),(223,'p'),(224,'e'),(225,'c'),(226,'i'),(227,'a'),(228,'l'),(229,'s'),(230,'.'),(231,'Lunch'),(232,'Dinner'),(233,'Mongolian-Grill-(Dinner)'),(234,'Bar-West-(Lunch)'),(235,'Simply-Eats:-Allergen-and-Vegan-Friendly-Cuisine'),(236,'Bakery-(Breakfast)'),(237,'Bakery-(Lunch)'),(238,'Dinner-Bar'),(239,'Bakery-(Dinner)'),(240,'Pizza-(Dinner)'),(241,'Hale-and-Hearty-Soups-All-Day'),(242,'Pizza-(Lunch)'),(243,'Pasta-Bar-(Dinner)'),(244,'Simply-Eats:-Allergen-and-Vegan-Friendly-Cuisine-(Lunch)'),(245,'Mongolian-Grill-(Lunch)'),(246,'Special-Announcement'),(247,'Italian-Entree'),(248,'Pizza-Special'),(249,'Grill-Special'),(250,'Sandwich-of-the-week'),(251,'Soups'),(252,'Dinner-Entrees'),(253,'Burger-Special'),(254,'I'),(255,'t'),(256,' '),(257,'a'),(258,'p'),(259,'p'),(260,'e'),(261,'a'),(262,'r'),(263,'s'),(264,' '),(265,'t'),(266,'h'),(267,'e'),(268,' '),(269,'l'),(270,'o'),(271,'c'),(272,'a'),(273,'t'),(274,'i'),(275,'o'),(276,'n'),(277,' '),(278,'i'),(279,'s'),(280,' '),(281,'c'),(282,'l'),(283,'o'),(284,'s'),(285,'e'),(286,'d'),(287,' '),(288,'o'),(289,'r'),(290,' '),(291,'t'),(292,'h'),(293,'e'),(294,'r'),(295,'e'),(296,' '),(297,'a'),(298,'r'),(299,'e'),(300,' '),(301,'n'),(302,'o'),(303,' '),(304,'s'),(305,'p'),(306,'e'),(307,'c'),(308,'i'),(309,'a'),(310,'l'),(311,'s'),(312,'.'),(313,'I'),(314,'t'),(315,' '),(316,'a'),(317,'p'),(318,'p'),(319,'e'),(320,'a'),(321,'r'),(322,'s'),(323,' '),(324,'t'),(325,'h'),(326,'e'),(327,' '),(328,'l'),(329,'o'),(330,'c'),(331,'a'),(332,'t'),(333,'i'),(334,'o'),(335,'n'),(336,' '),(337,'i'),(338,'s'),(339,' '),(340,'c'),(341,'l'),(342,'o'),(343,'s'),(344,'e'),(345,'d'),(346,' '),(347,'o'),(348,'r'),(349,' '),(350,'t'),(351,'h'),(352,'e'),(353,'r'),(354,'e'),(355,' '),(356,'a'),(357,'r'),(358,'e'),(359,' '),(360,'n'),(361,'o'),(362,' '),(363,'s'),(364,'p'),(365,'e'),(366,'c'),(367,'i'),(368,'a'),(369,'l'),(370,'s'),(371,'.'),(372,'Lunch'),(373,'Dinner'),(374,'Mongolian-Grill-(Dinner)'),(375,'Bar-West-(Lunch)'),(376,'Simply-Eats:-Allergen-and-Vegan-Friendly-Cuisine'),(377,'Bakery-(Breakfast)'),(378,'Bakery-(Lunch)'),(379,'Dinner-Bar'),(380,'Bakery-(Dinner)'),(381,'Pizza-(Dinner)'),(382,'Hale-and-Hearty-Soups-All-Day'),(383,'Pizza-(Lunch)'),(384,'Pasta-Bar-(Dinner)'),(385,'Simply-Eats:-Allergen-and-Vegan-Friendly-Cuisine-(Lunch)'),(386,'Mongolian-Grill-(Lunch)'),(387,'Special-Announcement'),(388,'Italian-Entree'),(389,'Pizza-Special'),(390,'Grill-Special'),(391,'Sandwich-of-the-week'),(392,'Soups'),(393,'Dinner-Entrees'),(394,'Burger-Special'),(395,'It appears the location is closed or there are no specials.'),(396,'It appears the location is closed or there are no specials.'),(397,'Lunch'),(398,'Dinner'),(399,'Mongolian-Grill-(Dinner)'),(400,'Bar-West-(Lunch)'),(401,'Simply-Eats:-Allergen-and-Vegan-Friendly-Cuisine'),(402,'Bakery-(Breakfast)'),(403,'Bakery-(Lunch)'),(404,'Dinner-Bar'),(405,'Bakery-(Dinner)'),(406,'Pizza-(Dinner)'),(407,'Hale-and-Hearty-Soups-All-Day'),(408,'Pizza-(Lunch)'),(409,'Pasta-Bar-(Dinner)'),(410,'Simply-Eats:-Allergen-and-Vegan-Friendly-Cuisine-(Lunch)'),(411,'Mongolian-Grill-(Lunch)'),(412,'Special-Announcement'),(413,'Italian-Entree'),(414,'Pizza-Special'),(415,'Grill-Special'),(416,'Sandwich-of-the-week'),(417,'Soups'),(418,'Dinner-Entrees'),(419,'Burger-Special'),(420,'It appears the location is closed or there are no specials.'),(421,'It appears the location is closed or there are no specials.'),(422,'Lunch'),(423,'Dinner'),(424,'Mongolian-Grill-(Dinner)'),(425,'Bar-West-(Lunch)'),(426,'Simply-Eats:-Allergen-and-Vegan-Friendly-Cuisine'),(427,'Bakery-(Breakfast)'),(428,'Bakery-(Lunch)'),(429,'Dinner-Bar'),(430,'Bakery-(Dinner)'),(431,'Pizza-(Dinner)'),(432,'Hale-and-Hearty-Soups-All-Day'),(433,'Pizza-(Lunch)'),(434,'Pasta-Bar-(Dinner)'),(435,'Simply-Eats:-Allergen-and-Vegan-Friendly-Cuisine-(Lunch)'),(436,'Mongolian-Grill-(Lunch)'),(437,'Special-Announcement'),(438,'Italian-Entree'),(439,'Pizza-Special'),(440,'Grill-Special'),(441,'Sandwich-of-the-week'),(442,'Soups'),(443,'Dinner-Entrees'),(444,'Burger-Special'),(445,'It appears the location is closed or there are no specials.'),(446,'It appears the location is closed or there are no specials.'),(447,'Lunch'),(448,'Dinner'),(449,'Mongolian-Grill-(Dinner)'),(450,'Bar-West-(Lunch)'),(451,'Simply-Eats:-Allergen-and-Vegan-Friendly-Cuisine'),(452,'Bakery-(Breakfast)'),(453,'Bakery-(Lunch)'),(454,'Dinner-Bar'),(455,'Bakery-(Dinner)'),(456,'Pizza-(Dinner)'),(457,'Hale-and-Hearty-Soups-All-Day'),(458,'Pizza-(Lunch)'),(459,'Pasta-Bar-(Dinner)'),(460,'Simply-Eats:-Allergen-and-Vegan-Friendly-Cuisine-(Lunch)'),(461,'Mongolian-Grill-(Lunch)'),(462,'Special-Announcement'),(463,'Italian-Entree'),(464,'Pizza-Special'),(465,'Grill-Special'),(466,'Sandwich-of-the-week'),(467,'Soups'),(468,'Dinner-Entrees'),(469,'Burger-Special'),(470,'It appears the location is closed or there are no specials.'),(471,'It appears the location is closed or there are no specials.'),(472,'Lunch'),(473,'Dinner'),(474,'Mongolian-Grill-(Dinner)'),(475,'Bar-West-(Lunch)'),(476,'Simply-Eats:-Allergen-and-Vegan-Friendly-Cuisine'),(477,'Bakery-(Breakfast)'),(478,'Bakery-(Lunch)'),(479,'Dinner-Bar'),(480,'Bakery-(Dinner)'),(481,'Pizza-(Dinner)'),(482,'Hale-and-Hearty-Soups-All-Day'),(483,'Pizza-(Lunch)'),(484,'Pasta-Bar-(Dinner)'),(485,'Simply-Eats:-Allergen-and-Vegan-Friendly-Cuisine-(Lunch)'),(486,'Mongolian-Grill-(Lunch)'),(487,'Special-Announcement'),(488,'Italian-Entree'),(489,'Pizza-Special'),(490,'Grill-Special'),(491,'Sandwich-of-the-week'),(492,'Soups'),(493,'Dinner-Entrees'),(494,'Burger-Special'),(495,'It appears the location is closed or there are no specials.'),(496,'It appears the location is closed or there are no specials.'),(497,'Lunch'),(498,'Dinner'),(499,'Mongolian-Grill-(Dinner)'),(500,'Bar-West-(Lunch)'),(501,'Simply-Eats:-Allergen-and-Vegan-Friendly-Cuisine'),(502,'Bakery-(Breakfast)'),(503,'Bakery-(Lunch)'),(504,'Dinner-Bar'),(505,'Bakery-(Dinner)'),(506,'Pizza-(Dinner)'),(507,'Hale-and-Hearty-Soups-All-Day'),(508,'Pizza-(Lunch)'),(509,'Pasta-Bar-(Dinner)'),(510,'Simply-Eats:-Allergen-and-Vegan-Friendly-Cuisine-(Lunch)'),(511,'Mongolian-Grill-(Lunch)'),(528,'Special-Announcement'),(529,'Italian-Entree'),(530,'Pizza-Special'),(531,'Grill-Special'),(532,'Sandwich-of-the-week'),(533,'Soups'),(534,'Dinner-Entrees'),(535,'Burger-Special'),(536,'Lunch'),(537,'Dinner'),(538,'Mongolian-Grill-(Dinner)'),(539,'Bar-West-(Lunch)'),(540,'Simply-Eats:-Allergen-and-Vegan-Friendly-Cuisine'),(541,'Bakery-(Breakfast)'),(542,'Bakery-(Lunch)'),(543,'Dinner-Bar'),(544,'Bakery-(Dinner)'),(545,'Pizza-(Dinner)'),(546,'Hale-and-Hearty-Soups-All-Day'),(547,'Pizza-(Lunch)'),(548,'Pasta-Bar-(Dinner)'),(549,'Simply-Eats:-Allergen-and-Vegan-Friendly-Cuisine-(Lunch)'),(550,'Mongolian-Grill-(Lunch)'),(551,'Special-Announcement'),(552,'Italian-Entree'),(553,'Pizza-Special'),(554,'Grill-Special'),(555,'Sandwich-of-the-week'),(556,'Soups'),(557,'Dinner-Entrees'),(558,'Burger-Special'),(559,'Lunch'),(560,'Dinner'),(561,'Mongolian-Grill-(Dinner)'),(562,'Bar-West-(Lunch)'),(563,'Simply-Eats:-Allergen-and-Vegan-Friendly-Cuisine'),(564,'Bakery-(Breakfast)'),(565,'Bakery-(Lunch)'),(566,'Dinner-Bar'),(567,'Bakery-(Dinner)'),(568,'Pizza-(Dinner)'),(569,'Hale-and-Hearty-Soups-All-Day'),(570,'Pizza-(Lunch)'),(571,'Pasta-Bar-(Dinner)'),(572,'Simply-Eats:-Allergen-and-Vegan-Friendly-Cuisine-(Lunch)'),(573,'Mongolian-Grill-(Lunch)'),(574,'Special-Announcement'),(575,'Italian-Entree'),(576,'Pizza-Special'),(577,'Grill-Special'),(578,'Sandwich-of-the-week'),(579,'Soups'),(580,'Dinner-Entrees'),(581,'Burger-Special'),(582,'Lunch'),(583,'Dinner'),(584,'Mongolian-Grill-(Dinner)'),(585,'Bar-West-(Lunch)'),(586,'Simply-Eats:-Allergen-and-Vegan-Friendly-Cuisine'),(587,'Bakery-(Breakfast)'),(588,'Bakery-(Lunch)'),(589,'Dinner-Bar'),(590,'Bakery-(Dinner)'),(591,'Pizza-(Dinner)'),(592,'Hale-and-Hearty-Soups-All-Day'),(593,'Pizza-(Lunch)'),(594,'Pasta-Bar-(Dinner)'),(595,'Simply-Eats:-Allergen-and-Vegan-Friendly-Cuisine-(Lunch)'),(596,'Mongolian-Grill-(Lunch)'),(597,'Special-Announcement'),(598,'Italian-Entree'),(599,'Pizza-Special'),(600,'Grill-Special'),(601,'Sandwich-of-the-week'),(602,'Soups'),(603,'Dinner-Entrees'),(604,'Burger-Special'),(605,'Lunch'),(606,'Dinner'),(607,'Mongolian-Grill-(Dinner)'),(608,'Bar-West-(Lunch)'),(609,'Simply-Eats:-Allergen-and-Vegan-Friendly-Cuisine'),(610,'Bakery-(Breakfast)'),(611,'Bakery-(Lunch)'),(612,'Dinner-Bar'),(613,'Bakery-(Dinner)'),(614,'Pizza-(Dinner)'),(615,'Hale-and-Hearty-Soups-All-Day'),(616,'Pizza-(Lunch)'),(617,'Pasta-Bar-(Dinner)'),(618,'Simply-Eats:-Allergen-and-Vegan-Friendly-Cuisine-(Lunch)'),(619,'Mongolian-Grill-(Lunch)'),(620,'Special-Announcement'),(621,'Italian-Entree'),(622,'Pizza-Special'),(623,'Grill-Special'),(624,'Sandwich-of-the-week'),(625,'Soups'),(626,'Dinner-Entrees'),(627,'Burger-Special'),(628,'Lunch'),(629,'Dinner'),(630,'Mongolian-Grill-(Dinner)'),(631,'Bar-West-(Lunch)'),(632,'Simply-Eats:-Allergen-and-Vegan-Friendly-Cuisine'),(633,'Bakery-(Breakfast)'),(634,'Bakery-(Lunch)'),(635,'Dinner-Bar'),(636,'Bakery-(Dinner)'),(637,'Pizza-(Dinner)'),(638,'Hale-and-Hearty-Soups-All-Day'),(639,'Pizza-(Lunch)'),(640,'Pasta-Bar-(Dinner)'),(641,'Simply-Eats:-Allergen-and-Vegan-Friendly-Cuisine-(Lunch)'),(642,'Mongolian-Grill-(Lunch)'),(643,'Special-Announcement'),(644,'Italian-Entree'),(645,'Pizza-Special'),(646,'Grill-Special'),(647,'Sandwich-of-the-week'),(648,'Soups'),(649,'Dinner-Entrees'),(650,'Burger-Special'),(651,'Lunch'),(652,'Dinner'),(653,'Mongolian-Grill-(Dinner)'),(654,'Bar-West-(Lunch)'),(655,'Simply-Eats:-Allergen-and-Vegan-Friendly-Cuisine'),(656,'Bakery-(Breakfast)'),(657,'Bakery-(Lunch)'),(658,'Dinner-Bar'),(659,'Bakery-(Dinner)'),(660,'Pizza-(Dinner)'),(661,'Hale-and-Hearty-Soups-All-Day'),(662,'Pizza-(Lunch)'),(663,'Pasta-Bar-(Dinner)'),(664,'Simply-Eats:-Allergen-and-Vegan-Friendly-Cuisine-(Lunch)'),(665,'Mongolian-Grill-(Lunch)'),(666,'Special-Announcement'),(667,'Italian-Entree'),(668,'Pizza-Special'),(669,'Grill-Special'),(670,'Sandwich-of-the-week'),(671,'Soups'),(672,'Dinner-Entrees'),(673,'Burger-Special'),(674,'Lunch'),(675,'Dinner'),(676,'Mongolian-Grill-(Dinner)'),(677,'Bar-West-(Lunch)'),(678,'Simply-Eats:-Allergen-and-Vegan-Friendly-Cuisine'),(679,'Bakery-(Breakfast)'),(680,'Bakery-(Lunch)'),(681,'Dinner-Bar'),(682,'Bakery-(Dinner)'),(683,'Pizza-(Dinner)'),(684,'Hale-and-Hearty-Soups-All-Day'),(685,'Pizza-(Lunch)'),(686,'Pasta-Bar-(Dinner)'),(687,'Simply-Eats:-Allergen-and-Vegan-Friendly-Cuisine-(Lunch)'),(688,'Mongolian-Grill-(Lunch)'),(689,'Special-Announcement'),(690,'Italian-Entree'),(691,'Pizza-Special'),(692,'Grill-Special'),(693,'Sandwich-of-the-week'),(694,'Soups'),(695,'Dinner-Entrees'),(696,'Burger-Special'),(697,'Lunch'),(698,'Dinner'),(699,'Mongolian-Grill-(Dinner)'),(700,'Bar-West-(Lunch)'),(701,'Simply-Eats:-Allergen-and-Vegan-Friendly-Cuisine'),(702,'Bakery-(Breakfast)'),(703,'Bakery-(Lunch)'),(704,'Dinner-Bar'),(705,'Bakery-(Dinner)'),(706,'Pizza-(Dinner)'),(707,'Hale-and-Hearty-Soups-All-Day'),(708,'Pizza-(Lunch)'),(709,'Pasta-Bar-(Dinner)'),(710,'Simply-Eats:-Allergen-and-Vegan-Friendly-Cuisine-(Lunch)'),(711,'Mongolian-Grill-(Lunch)'),(712,'Special-Announcement'),(713,'Italian-Entree'),(714,'Pizza-Special'),(715,'Grill-Special'),(716,'Sandwich-of-the-week'),(717,'Soups'),(718,'Dinner-Entrees'),(719,'Burger-Special'),(720,'Lunch'),(721,'Dinner'),(722,'Mongolian-Grill-(Dinner)'),(723,'Bar-West-(Lunch)'),(724,'Simply-Eats:-Allergen-and-Vegan-Friendly-Cuisine'),(725,'Bakery-(Breakfast)'),(726,'Bakery-(Lunch)'),(727,'Dinner-Bar'),(728,'Bakery-(Dinner)'),(729,'Pizza-(Dinner)'),(730,'Hale-and-Hearty-Soups-All-Day'),(731,'Pizza-(Lunch)'),(732,'Pasta-Bar-(Dinner)'),(733,'Simply-Eats:-Allergen-and-Vegan-Friendly-Cuisine-(Lunch)'),(734,'Mongolian-Grill-(Lunch)'),(735,'Special-Announcement'),(736,'Italian-Entree'),(737,'Pizza-Special'),(738,'Grill-Special'),(739,'Sandwich-of-the-week'),(740,'Soups'),(741,'Dinner-Entrees'),(742,'Burger-Special'),(743,'Lunch'),(744,'Dinner'),(745,'Mongolian-Grill-(Dinner)'),(746,'Bar-West-(Lunch)'),(747,'Simply-Eats:-Allergen-and-Vegan-Friendly-Cuisine'),(748,'Bakery-(Breakfast)'),(749,'Bakery-(Lunch)'),(750,'Dinner-Bar'),(751,'Bakery-(Dinner)'),(752,'Pizza-(Dinner)'),(753,'Hale-and-Hearty-Soups-All-Day'),(754,'Pizza-(Lunch)'),(755,'Pasta-Bar-(Dinner)'),(756,'Simply-Eats:-Allergen-and-Vegan-Friendly-Cuisine-(Lunch)'),(757,'Mongolian-Grill-(Lunch)'),(758,'Special-Announcement'),(759,'Italian-Entree'),(760,'Pizza-Special'),(761,'Grill-Special'),(762,'Sandwich-of-the-week'),(763,'Soups'),(764,'Dinner-Entrees'),(765,'Burger-Special'),(766,'Lunch'),(767,'Dinner'),(768,'Mongolian-Grill-(Dinner)'),(769,'Bar-West-(Lunch)'),(770,'Simply-Eats:-Allergen-and-Vegan-Friendly-Cuisine'),(771,'Bakery-(Breakfast)'),(772,'Bakery-(Lunch)'),(773,'Dinner-Bar'),(774,'Bakery-(Dinner)'),(775,'Pizza-(Dinner)'),(776,'Hale-and-Hearty-Soups-All-Day'),(777,'Pizza-(Lunch)'),(778,'Pasta-Bar-(Dinner)'),(779,'Simply-Eats:-Allergen-and-Vegan-Friendly-Cuisine-(Lunch)'),(780,'Mongolian-Grill-(Lunch)'),(781,'Special-Announcement'),(782,'Italian-Entree'),(783,'Pizza-Special'),(784,'Grill-Special'),(785,'Sandwich-of-the-week'),(786,'Soups'),(787,'Dinner-Entrees'),(788,'Burger-Special'),(789,'Lunch'),(790,'Dinner'),(791,'Mongolian-Grill-(Dinner)'),(792,'Bar-West-(Lunch)'),(793,'Simply-Eats:-Allergen-and-Vegan-Friendly-Cuisine'),(794,'Bakery-(Breakfast)'),(795,'Bakery-(Lunch)'),(796,'Dinner-Bar'),(797,'Bakery-(Dinner)'),(798,'Pizza-(Dinner)'),(799,'Hale-and-Hearty-Soups-All-Day'),(800,'Pizza-(Lunch)'),(801,'Pasta-Bar-(Dinner)'),(802,'Simply-Eats:-Allergen-and-Vegan-Friendly-Cuisine-(Lunch)'),(803,'Mongolian-Grill-(Lunch)'),(804,'Special-Announcement'),(805,'Italian-Entree'),(806,'Pizza-Special'),(807,'Grill-Special'),(808,'Sandwich-of-the-week'),(809,'Soups'),(810,'Dinner-Entrees'),(811,'Burger-Special'),(812,'Lunch'),(813,'Dinner'),(814,'Mongolian-Grill-(Dinner)'),(815,'Bar-West-(Lunch)'),(816,'Simply-Eats:-Allergen-and-Vegan-Friendly-Cuisine'),(817,'Bakery-(Breakfast)'),(818,'Bakery-(Lunch)'),(819,'Dinner-Bar'),(820,'Bakery-(Dinner)'),(821,'Pizza-(Dinner)'),(822,'Hale-and-Hearty-Soups-All-Day'),(823,'Pizza-(Lunch)'),(824,'Pasta-Bar-(Dinner)'),(825,'Simply-Eats:-Allergen-and-Vegan-Friendly-Cuisine-(Lunch)'),(826,'Mongolian-Grill-(Lunch)'),(827,'Special-Announcement'),(828,'Italian-Entree'),(829,'Pizza-Special'),(830,'Grill-Special'),(831,'Sandwich-of-the-week'),(832,'Soups'),(833,'Dinner-Entrees'),(834,'Burger-Special'),(835,'Lunch'),(836,'Dinner'),(837,'Mongolian-Grill-(Dinner)'),(838,'Bar-West-(Lunch)'),(839,'Simply-Eats:-Allergen-and-Vegan-Friendly-Cuisine'),(840,'Bakery-(Breakfast)'),(841,'Bakery-(Lunch)'),(842,'Dinner-Bar'),(843,'Bakery-(Dinner)'),(844,'Pizza-(Dinner)'),(845,'Hale-and-Hearty-Soups-All-Day'),(846,'Pizza-(Lunch)'),(847,'Pasta-Bar-(Dinner)'),(848,'Simply-Eats:-Allergen-and-Vegan-Friendly-Cuisine-(Lunch)'),(849,'Mongolian-Grill-(Lunch)'),(850,'Special-Announcement'),(851,'Italian-Entree'),(852,'Pizza-Special'),(853,'Grill-Special'),(854,'Sandwich-of-the-week'),(855,'Soups'),(856,'Dinner-Entrees'),(857,'Burger-Special'),(858,'Lunch'),(859,'Dinner'),(860,'Mongolian-Grill-(Dinner)'),(861,'Bar-West-(Lunch)'),(862,'Simply-Eats:-Allergen-and-Vegan-Friendly-Cuisine'),(863,'Bakery-(Breakfast)'),(864,'Bakery-(Lunch)'),(865,'Dinner-Bar'),(866,'Bakery-(Dinner)'),(867,'Pizza-(Dinner)'),(868,'Hale-and-Hearty-Soups-All-Day'),(869,'Pizza-(Lunch)'),(870,'Pasta-Bar-(Dinner)'),(871,'Simply-Eats:-Allergen-and-Vegan-Friendly-Cuisine-(Lunch)'),(872,'Mongolian-Grill-(Lunch)'),(873,'Special-Announcement'),(874,'Italian-Entree'),(875,'Pizza-Special'),(876,'Grill-Special'),(877,'Sandwich-of-the-week'),(878,'Soups'),(879,'Dinner-Entrees'),(880,'Burger-Special'),(881,'Lunch'),(882,'Dinner'),(883,'Mongolian-Grill-(Dinner)'),(884,'Bar-West-(Lunch)'),(885,'Simply-Eats:-Allergen-and-Vegan-Friendly-Cuisine'),(886,'Bakery-(Breakfast)'),(887,'Bakery-(Lunch)'),(888,'Dinner-Bar'),(889,'Bakery-(Dinner)'),(890,'Pizza-(Dinner)'),(891,'Hale-and-Hearty-Soups-All-Day'),(892,'Pizza-(Lunch)'),(893,'Pasta-Bar-(Dinner)'),(894,'Simply-Eats:-Allergen-and-Vegan-Friendly-Cuisine-(Lunch)'),(895,'Mongolian-Grill-(Lunch)'),(896,'Special-Announcement'),(897,'Italian-Entree'),(898,'Pizza-Special'),(899,'Grill-Special'),(900,'Sandwich-of-the-week'),(901,'Soups'),(902,'Dinner-Entrees'),(903,'Burger-Special'),(904,'Lunch'),(905,'Dinner'),(906,'Mongolian-Grill-(Dinner)'),(907,'Bar-West-(Lunch)'),(908,'Simply-Eats:-Allergen-and-Vegan-Friendly-Cuisine'),(909,'Bakery-(Breakfast)'),(910,'Bakery-(Lunch)'),(911,'Dinner-Bar'),(912,'Bakery-(Dinner)'),(913,'Pizza-(Dinner)'),(914,'Hale-and-Hearty-Soups-All-Day'),(915,'Pizza-(Lunch)'),(916,'Pasta-Bar-(Dinner)'),(917,'Simply-Eats:-Allergen-and-Vegan-Friendly-Cuisine-(Lunch)'),(918,'Mongolian-Grill-(Lunch)'),(919,'Special-Announcement'),(920,'Italian-Entree'),(921,'Pizza-Special'),(922,'Grill-Special'),(923,'Sandwich-of-the-week'),(924,'Soups'),(925,'Dinner-Entrees'),(926,'Burger-Special'),(927,'Lunch'),(928,'Dinner'),(929,'Mongolian-Grill-(Dinner)'),(930,'Bar-West-(Lunch)'),(931,'Simply-Eats:-Allergen-and-Vegan-Friendly-Cuisine'),(932,'Bakery-(Breakfast)'),(933,'Bakery-(Lunch)'),(934,'Dinner-Bar'),(935,'Bakery-(Dinner)'),(936,'Pizza-(Dinner)'),(937,'Hale-and-Hearty-Soups-All-Day'),(938,'Pizza-(Lunch)'),(939,'Pasta-Bar-(Dinner)'),(940,'Simply-Eats:-Allergen-and-Vegan-Friendly-Cuisine-(Lunch)'),(941,'Mongolian-Grill-(Lunch)'),(942,'Special-Announcement'),(943,'Italian-Entree'),(944,'Pizza-Special'),(945,'Grill-Special'),(946,'Sandwich-of-the-week'),(947,'Soups'),(948,'Dinner-Entrees'),(949,'Burger-Special'),(950,'Lunch'),(951,'Dinner'),(952,'Mongolian-Grill-(Dinner)'),(953,'Bar-West-(Lunch)'),(954,'Simply-Eats:-Allergen-and-Vegan-Friendly-Cuisine'),(955,'Bakery-(Breakfast)'),(956,'Bakery-(Lunch)'),(957,'Dinner-Bar'),(958,'Bakery-(Dinner)'),(959,'Pizza-(Dinner)'),(960,'Hale-and-Hearty-Soups-All-Day'),(961,'Pizza-(Lunch)'),(962,'Pasta-Bar-(Dinner)'),(963,'Simply-Eats:-Allergen-and-Vegan-Friendly-Cuisine-(Lunch)'),(964,'Mongolian-Grill-(Lunch)'),(965,'Special-Announcement'),(966,'Italian-Entree'),(967,'Pizza-Special'),(968,'Grill-Special'),(969,'Sandwich-of-the-week'),(970,'Soups'),(971,'Dinner-Entrees'),(972,'Burger-Special'),(973,'Lunch'),(974,'Dinner'),(975,'Mongolian-Grill-(Dinner)'),(976,'Bar-West-(Lunch)'),(977,'Simply-Eats:-Allergen-and-Vegan-Friendly-Cuisine'),(978,'Bakery-(Breakfast)'),(979,'Bakery-(Lunch)'),(980,'Dinner-Bar'),(981,'Bakery-(Dinner)'),(982,'Pizza-(Dinner)'),(983,'Hale-and-Hearty-Soups-All-Day'),(984,'Pizza-(Lunch)'),(985,'Pasta-Bar-(Dinner)'),(986,'Simply-Eats:-Allergen-and-Vegan-Friendly-Cuisine-(Lunch)'),(987,'Mongolian-Grill-(Lunch)'),(988,'Special-Announcement'),(989,'Italian-Entree'),(990,'Pizza-Special'),(991,'Grill-Special'),(992,'Sandwich-of-the-week'),(993,'Soups'),(994,'Dinner-Entrees'),(995,'Burger-Special'),(996,'Lunch'),(997,'Dinner'),(998,'Mongolian-Grill-(Dinner)'),(999,'Bar-West-(Lunch)'),(1000,'Simply-Eats:-Allergen-and-Vegan-Friendly-Cuisine'),(1001,'Bakery-(Breakfast)'),(1002,'Bakery-(Lunch)'),(1003,'Dinner-Bar'),(1004,'Bakery-(Dinner)'),(1005,'Pizza-(Dinner)'),(1006,'Hale-and-Hearty-Soups-All-Day'),(1007,'Pizza-(Lunch)'),(1008,'Pasta-Bar-(Dinner)'),(1009,'Simply-Eats:-Allergen-and-Vegan-Friendly-Cuisine-(Lunch)'),(1010,'Mongolian-Grill-(Lunch)'),(1011,'Special-Announcement'),(1012,'Italian-Entree'),(1013,'Pizza-Special'),(1014,'Grill-Special'),(1015,'Sandwich-of-the-week'),(1016,'Soups'),(1017,'Dinner-Entrees'),(1018,'Burger-Special'),(1019,'Lunch'),(1020,'Dinner'),(1021,'Mongolian-Grill-(Dinner)'),(1022,'Bar-West-(Lunch)'),(1023,'Simply-Eats:-Allergen-and-Vegan-Friendly-Cuisine'),(1024,'Bakery-(Breakfast)'),(1025,'Bakery-(Lunch)'),(1026,'Dinner-Bar'),(1027,'Bakery-(Dinner)'),(1028,'Pizza-(Dinner)'),(1029,'Hale-and-Hearty-Soups-All-Day'),(1030,'Pizza-(Lunch)'),(1031,'Pasta-Bar-(Dinner)'),(1032,'Simply-Eats:-Allergen-and-Vegan-Friendly-Cuisine-(Lunch)'),(1033,'Mongolian-Grill-(Lunch)'),(1034,'Special-Announcement'),(1035,'Italian-Entree'),(1036,'Pizza-Special'),(1037,'Grill-Special'),(1038,'Sandwich-of-the-week'),(1039,'Soups'),(1040,'Dinner-Entrees'),(1041,'Burger-Special'),(1042,'Lunch'),(1043,'Dinner'),(1044,'Mongolian-Grill-(Dinner)'),(1045,'Bar-West-(Lunch)'),(1046,'Simply-Eats:-Allergen-and-Vegan-Friendly-Cuisine'),(1047,'Bakery-(Breakfast)'),(1048,'Bakery-(Lunch)'),(1049,'Dinner-Bar'),(1050,'Bakery-(Dinner)'),(1051,'Pizza-(Dinner)'),(1052,'Hale-and-Hearty-Soups-All-Day'),(1053,'Pizza-(Lunch)'),(1054,'Pasta-Bar-(Dinner)'),(1055,'Simply-Eats:-Allergen-and-Vegan-Friendly-Cuisine-(Lunch)'),(1056,'Mongolian-Grill-(Lunch)'),(1057,'Special-Announcement'),(1058,'Italian-Entree'),(1059,'Pizza-Special'),(1060,'Grill-Special'),(1061,'Sandwich-of-the-week'),(1062,'Soups'),(1063,'Dinner-Entrees'),(1064,'Burger-Special'),(1065,'Lunch'),(1066,'Dinner'),(1067,'Mongolian-Grill-(Dinner)'),(1068,'Bar-West-(Lunch)'),(1069,'Simply-Eats:-Allergen-and-Vegan-Friendly-Cuisine'),(1070,'Bakery-(Breakfast)'),(1071,'Bakery-(Lunch)'),(1072,'Dinner-Bar'),(1073,'Bakery-(Dinner)'),(1074,'Pizza-(Dinner)'),(1075,'Hale-and-Hearty-Soups-All-Day'),(1076,'Pizza-(Lunch)'),(1077,'Pasta-Bar-(Dinner)'),(1078,'Simply-Eats:-Allergen-and-Vegan-Friendly-Cuisine-(Lunch)'),(1079,'Mongolian-Grill-(Lunch)'),(1080,'Special-Announcement'),(1081,'Italian-Entree'),(1082,'Pizza-Special'),(1083,'Grill-Special'),(1084,'Sandwich-of-the-week'),(1085,'Soups'),(1086,'Dinner-Entrees'),(1087,'Burger-Special'),(1088,'Lunch'),(1089,'Dinner'),(1090,'Mongolian-Grill-(Dinner)'),(1091,'Bar-West-(Lunch)'),(1092,'Simply-Eats:-Allergen-and-Vegan-Friendly-Cuisine'),(1093,'Bakery-(Breakfast)'),(1094,'Bakery-(Lunch)'),(1095,'Dinner-Bar'),(1096,'Bakery-(Dinner)'),(1097,'Pizza-(Dinner)'),(1098,'Hale-and-Hearty-Soups-All-Day'),(1099,'Pizza-(Lunch)'),(1100,'Pasta-Bar-(Dinner)'),(1101,'Simply-Eats:-Allergen-and-Vegan-Friendly-Cuisine-(Lunch)'),(1102,'Mongolian-Grill-(Lunch)'),(1103,'Special-Announcement'),(1104,'Italian-Entree'),(1105,'Pizza-Special'),(1106,'Grill-Special'),(1107,'Sandwich-of-the-week'),(1108,'Soups'),(1109,'Dinner-Entrees'),(1110,'Burger-Special'),(1111,'Lunch'),(1112,'Dinner'),(1113,'Mongolian-Grill-(Dinner)'),(1114,'Bar-West-(Lunch)'),(1115,'Simply-Eats:-Allergen-and-Vegan-Friendly-Cuisine'),(1116,'Bakery-(Breakfast)'),(1117,'Bakery-(Lunch)'),(1118,'Dinner-Bar'),(1119,'Bakery-(Dinner)'),(1120,'Pizza-(Dinner)'),(1121,'Hale-and-Hearty-Soups-All-Day'),(1122,'Pizza-(Lunch)'),(1123,'Pasta-Bar-(Dinner)'),(1124,'Simply-Eats:-Allergen-and-Vegan-Friendly-Cuisine-(Lunch)'),(1125,'Mongolian-Grill-(Lunch)'),(1126,'Special-Announcement'),(1127,'Italian-Entree'),(1128,'Pizza-Special'),(1129,'Grill-Special'),(1130,'Sandwich-of-the-week'),(1131,'Soups'),(1132,'Dinner-Entrees'),(1133,'Burger-Special'),(1134,'Lunch'),(1135,'Dinner'),(1136,'Mongolian-Grill-(Dinner)'),(1137,'Bar-West-(Lunch)'),(1138,'Simply-Eats:-Allergen-and-Vegan-Friendly-Cuisine'),(1139,'Bakery-(Breakfast)'),(1140,'Bakery-(Lunch)'),(1141,'Dinner-Bar'),(1142,'Bakery-(Dinner)'),(1143,'Pizza-(Dinner)'),(1144,'Hale-and-Hearty-Soups-All-Day'),(1145,'Pizza-(Lunch)'),(1146,'Pasta-Bar-(Dinner)'),(1147,'Simply-Eats:-Allergen-and-Vegan-Friendly-Cuisine-(Lunch)'),(1148,'Mongolian-Grill-(Lunch)'),(1149,'Special-Announcement'),(1150,'Italian-Entree'),(1151,'Pizza-Special'),(1152,'Grill-Special'),(1153,'Sandwich-of-the-week'),(1154,'Soups'),(1155,'Dinner-Entrees'),(1156,'Burger-Special'),(1157,'Lunch'),(1158,'Dinner'),(1159,'Mongolian-Grill-(Dinner)'),(1160,'Bar-West-(Lunch)'),(1161,'Simply-Eats:-Allergen-and-Vegan-Friendly-Cuisine'),(1162,'Bakery-(Breakfast)'),(1163,'Bakery-(Lunch)'),(1164,'Dinner-Bar'),(1165,'Bakery-(Dinner)'),(1166,'Pizza-(Dinner)'),(1167,'Hale-and-Hearty-Soups-All-Day'),(1168,'Pizza-(Lunch)'),(1169,'Pasta-Bar-(Dinner)'),(1170,'Simply-Eats:-Allergen-and-Vegan-Friendly-Cuisine-(Lunch)'),(1171,'Mongolian-Grill-(Lunch)');
/*!40000 ALTER TABLE `category` ENABLE KEYS */;
UNLOCK TABLES;

--
-- Table structure for table `food_items`
--

DROP TABLE IF EXISTS `food_items`;
/*!40101 SET @saved_cs_client     = @@character_set_client */;
/*!40101 SET character_set_client = utf8 */;
CREATE TABLE `food_items` (
  `name` varchar(128) DEFAULT NULL,
  `fk_locid` int(11) DEFAULT NULL,
  `fk_catid` int(11) DEFAULT NULL,
  `timestamp` timestamp NOT NULL DEFAULT CURRENT_TIMESTAMP,
  `id` int(11) NOT NULL AUTO_INCREMENT,
  PRIMARY KEY (`id`),
  KEY `fk_locid` (`fk_locid`),
  KEY `fk_catid` (`fk_catid`),
  CONSTRAINT `food_items_ibfk_1` FOREIGN KEY (`fk_locid`) REFERENCES `location` (`id`),
  CONSTRAINT `food_items_ibfk_2` FOREIGN KEY (`fk_catid`) REFERENCES `category` (`id`)
) ENGINE=InnoDB AUTO_INCREMENT=170 DEFAULT CHARSET=latin1;
/*!40101 SET character_set_client = @saved_cs_client */;

--
-- Dumping data for table `food_items`
--

LOCK TABLES `food_items` WRITE;
/*!40000 ALTER TABLE `food_items` DISABLE KEYS */;
INSERT INTO `food_items` VALUES ('jello',28,411,'2014-03-08 21:40:32',1),('Tora Con - Open 10am-6pm',25,105,'2014-03-08 23:35:32',125),('Spaghetti & Meatball',26,85,'2014-03-08 23:35:32',126),('Spaghetti & Meatballs',26,85,'2014-03-08 23:35:32',127),('Pepperoni & Sausage',26,82,'2014-03-08 23:35:32',128),('Pepperoni & Sausage',26,82,'2014-03-08 23:35:32',129),('Chicken Club',26,84,'2014-03-08 23:35:32',130),('Turkey Ranchero',26,80,'2014-03-08 23:35:32',131),('Chefs choice',26,86,'2014-03-08 23:35:32',132),('Texas Beef Chili',26,86,'2014-03-08 23:35:32',133),('Pot luck',26,87,'2014-03-08 23:35:32',134),('Bacon Ranch Burger',26,88,'2014-03-08 23:35:32',135),('Breakfast Blowout',29,89,'2014-03-08 23:35:32',136),('Closed',29,90,'2014-03-08 23:35:32',137),('Ravioli',30,91,'2014-03-08 23:35:32',138),('Breakfast',30,234,'2014-03-08 23:35:32',139),('Red Leaf Garden Salad',30,92,'2014-03-08 23:35:32',140),('Plain Pasta Sauce',30,92,'2014-03-08 23:35:32',141),('Gluten Free Pasta',30,92,'2014-03-08 23:35:32',142),('Gluten Free Chicken Patties',30,92,'2014-03-08 23:35:32',143),('Fresh Spinach',30,92,'2014-03-08 23:35:32',144),('Chimichurri Turkey',30,92,'2014-03-08 23:35:32',145),('Butternut Squash',30,92,'2014-03-08 23:35:32',146),('Black Bean Medley',30,92,'2014-03-08 23:35:32',147),('Arrabiatta Sauce',30,92,'2014-03-08 23:35:32',148),('Cinnamon Rolls',30,93,'2014-03-08 23:35:32',149),('Variety Bars',30,94,'2014-03-08 23:35:32',150),('Burrito',30,95,'2014-03-08 23:35:32',151),('Chocolate Layer Cake',30,96,'2014-03-08 23:35:32',152),('Spinach Ricotta',30,97,'2014-03-08 23:35:32',153),('Vegetable Noodle',30,98,'2014-03-08 23:35:32',154),('Wild Mushroom Barley with Fresh Peas and Dill',30,98,'2014-03-08 23:35:32',155),('Spinach Ricotta',30,100,'2014-03-08 23:35:32',156),('Chef\'s Choice',30,101,'2014-03-08 23:35:32',157),('Italian Chicken Strips',30,101,'2014-03-08 23:35:32',158),('Baked Potatoes',30,102,'2014-03-08 23:35:32',159),('Broccoli',30,102,'2014-03-08 23:35:32',160),('Euro Garden Salad',30,102,'2014-03-08 23:35:32',161),('Gluten Free Chicken Tenders',30,102,'2014-03-08 23:35:32',162),('Savory Beef Tips',30,102,'2014-03-08 23:35:32',163),('Sunshine Blend',30,102,'2014-03-08 23:35:32',164),('Veggie Sauce',30,102,'2014-03-08 23:35:32',165),('Yellow Squash and Baby Carrots',30,102,'2014-03-08 23:35:32',166),('Gluten Free Pasta',30,102,'2014-03-08 23:35:32',167),('Plain Pasta Sauce',30,102,'2014-03-08 23:35:32',168),('Szechuan',30,104,'2014-03-08 23:35:32',169);
/*!40000 ALTER TABLE `food_items` ENABLE KEYS */;
UNLOCK TABLES;

--
-- Table structure for table `location`
--

DROP TABLE IF EXISTS `location`;
/*!40101 SET @saved_cs_client     = @@character_set_client */;
/*!40101 SET character_set_client = utf8 */;
CREATE TABLE `location` (
  `name` varchar(128) DEFAULT NULL,
  `id` int(11) NOT NULL AUTO_INCREMENT,
  PRIMARY KEY (`id`),
  UNIQUE KEY `name` (`name`)
) ENGINE=InnoDB AUTO_INCREMENT=31 DEFAULT CHARSET=latin1;
/*!40101 SET character_set_client = @saved_cs_client */;

--
-- Dumping data for table `location`
--

LOCK TABLES `location` WRITE;
/*!40000 ALTER TABLE `location` DISABLE KEYS */;
INSERT INTO `location` VALUES ('Brick City',28),('Commons',26),('Crossroads',27),('Global Village Grille',29),('Gracies',30),('Ritz',25);
/*!40000 ALTER TABLE `location` ENABLE KEYS */;
UNLOCK TABLES;
/*!40103 SET TIME_ZONE=@OLD_TIME_ZONE */;

/*!40101 SET SQL_MODE=@OLD_SQL_MODE */;
/*!40014 SET FOREIGN_KEY_CHECKS=@OLD_FOREIGN_KEY_CHECKS */;
/*!40014 SET UNIQUE_CHECKS=@OLD_UNIQUE_CHECKS */;
/*!40101 SET CHARACTER_SET_CLIENT=@OLD_CHARACTER_SET_CLIENT */;
/*!40101 SET CHARACTER_SET_RESULTS=@OLD_CHARACTER_SET_RESULTS */;
/*!40101 SET COLLATION_CONNECTION=@OLD_COLLATION_CONNECTION */;
/*!40111 SET SQL_NOTES=@OLD_SQL_NOTES */;

-- Dump completed on 2014-03-08 18:42:56
